EmployeeName,OrderId,Amount,UnitPrice,Quantity
Michael Suyama,10249,167.4,18.6,9
Michael Suyama,10249,1696.0,42.4,40
Margaret Peacock,10250,77.0,7.7,10
Margaret Peacock,10250,1484.0,42.4,35
Margaret Peacock,10250,252.0,16.8,15
Janet Leverling,10251,100.8,16.8,6
Janet Leverling,10251,234.0,15.6,15
Janet Leverling,10251,336.0,16.8,20
Margaret Peacock,10252,2592.0,64.8,40
Margaret Peacock,10252,50.0,2.0,25
Margaret Peacock,10252,1088.0,27.2,40
Janet Leverling,10253,200.0,10.0,20
Janet Leverling,10253,604.8,14.4,42
Janet Leverling,10253,640.0,16.0,40
Anne Dodsworth,10255,304.0,15.2,20
Anne Dodsworth,10255,486.5,13.9,35
Anne Dodsworth,10255,380.0,15.2,25
Anne Dodsworth,10255,1320.0,44.0,30
Janet Leverling,10256,393.0,26.2,15
Janet Leverling,10256,124.8,10.4,12
Margaret Peacock,10257,877.5,35.1,25
Margaret Peacock,10257,86.4,14.4,6
Margaret Peacock,10257,156.0,10.4,15
Nancy Davolio,10258,760.0,15.2,50
Nancy Davolio,10258,1105.0,17.0,65
Nancy Davolio,10258,153.6,25.6,6
Margaret Peacock,10259,80.0,8.0,10
Margaret Peacock,10259,20.8,20.8,1
Margaret Peacock,10260,123.2,7.7,16
Margaret Peacock,10260,780.0,15.6,50
Margaret Peacock,10260,591.0,39.4,15
Margaret Peacock,10260,252.0,12.0,21
Margaret Peacock,10261,160.0,8.0,20
Margaret Peacock,10261,288.0,14.4,20
Anne Dodsworth,10263,834.0,13.9,60
Anne Dodsworth,10263,100.8,3.6,28
Anne Dodsworth,10263,1242.0,20.7,60
Anne Dodsworth,10263,288.0,8.0,36
Michael Suyama,10264,532.0,15.2,35
Michael Suyama,10264,192.5,7.7,25
Janet Leverling,10266,364.8,30.4,12
Margaret Peacock,10267,735.0,14.7,50
Margaret Peacock,10267,3080.0,44.0,70
Margaret Peacock,10267,216.0,14.4,15
Nancy Davolio,10270,456.0,15.2,30
Nancy Davolio,10270,920.0,36.8,25
Michael Suyama,10271,48.0,2.0,24
Michael Suyama,10272,388.8,64.8,6
Michael Suyama,10272,400.0,10.0,40
Michael Suyama,10272,667.2,27.8,24
Janet Leverling,10273,595.2,24.8,24
Janet Leverling,10273,150.0,10.0,15
Janet Leverling,10273,40.0,2.0,20
Janet Leverling,10273,882.0,14.7,60
Janet Leverling,10273,475.2,14.4,33
Michael Suyama,10274,344.0,17.2,20
Michael Suyama,10274,194.6,27.8,7
Nancy Davolio,10275,43.2,3.6,12
Nancy Davolio,10275,264.0,44.0,6
Margaret Peacock,10281,7.3,7.3,1
Margaret Peacock,10281,21.6,3.6,6
Margaret Peacock,10281,57.6,14.4,4
Margaret Peacock,10282,124.2,20.7,6
Margaret Peacock,10282,31.2,15.6,2
Janet Leverling,10283,248.0,12.4,20
Janet Leverling,10283,131.4,7.3,18
Janet Leverling,10283,952.0,27.2,35
Janet Leverling,10283,83.4,27.8,3
Margaret Peacock,10284,526.5,35.1,15
Margaret Peacock,10284,325.5,15.5,21
Margaret Peacock,10284,544.0,27.2,20
Margaret Peacock,10284,56.0,11.2,5
Nancy Davolio,10285,648.0,14.4,45
Nancy Davolio,10285,588.0,14.7,40
Nancy Davolio,10285,943.2,26.2,36
Margaret Peacock,10288,59.0,5.9,10
Margaret Peacock,10288,30.0,10.0,3
Robert King,10289,240.0,8.0,30
Robert King,10289,239.4,26.6,9
Michael Suyama,10291,96.0,4.8,20
Michael Suyama,10291,372.0,15.5,24
Michael Suyama,10291,84.8,42.4,2
Nancy Davolio,10292,1296.0,64.8,20
Nancy Davolio,10293,600.0,50.0,12
Nancy Davolio,10293,36.0,3.6,10
Nancy Davolio,10293,175.5,35.1,5
Nancy Davolio,10293,37.2,6.2,6
Margaret Peacock,10294,259.2,14.4,18
Margaret Peacock,10294,468.0,31.2,15
Margaret Peacock,10294,552.0,36.8,15
Margaret Peacock,10294,571.2,27.2,21
Margaret Peacock,10294,37.2,6.2,6
Michael Suyama,10296,201.6,16.8,12
Michael Suyama,10296,417.0,13.9,30
Michael Suyama,10296,432.0,28.8,15
Michael Suyama,10298,608.0,15.2,40
Michael Suyama,10298,608.0,15.2,40
Michael Suyama,10298,1320.0,44.0,30
Michael Suyama,10298,591.0,39.4,15
Margaret Peacock,10299,109.5,7.3,15
Margaret Peacock,10299,240.0,12.0,20
Margaret Peacock,10302,1248.0,31.2,40
Margaret Peacock,10302,1019.2,36.4,28
Margaret Peacock,10302,441.6,36.8,12
Robert King,10303,588.0,14.7,40
Robert King,10303,504.0,16.8,30
Robert King,10303,150.0,10.0,15
Nancy Davolio,10304,480.0,16.0,30
Nancy Davolio,10304,440.0,44.0,10
Nancy Davolio,10304,34.4,17.2,2
Nancy Davolio,10306,207.0,20.7,10
Nancy Davolio,10306,262.0,26.2,10
Nancy Davolio,10306,29.5,5.9,5
Robert King,10308,28.8,28.8,1
Robert King,10308,60.0,12.0,5
Janet Leverling,10309,352.0,17.6,20
Janet Leverling,10309,600.0,20.0,30
Janet Leverling,10309,22.4,11.2,2
Janet Leverling,10309,736.0,36.8,20
Janet Leverling,10309,51.6,17.2,3
Nancy Davolio,10311,67.2,11.2,6
Nancy Davolio,10311,201.6,28.8,7
Nancy Davolio,10314,1024.0,25.6,40
Nancy Davolio,10314,318.0,10.6,30
Nancy Davolio,10314,985.0,39.4,25
Margaret Peacock,10315,156.8,11.2,14
Margaret Peacock,10315,360.0,12.0,30
Nancy Davolio,10316,77.0,7.7,10
Nancy Davolio,10316,2758.0,39.4,70
Michael Suyama,10317,288.0,14.4,20
Robert King,10319,249.6,31.2,8
Robert King,10319,509.6,36.4,14
Robert King,10319,432.0,14.4,30
Janet Leverling,10321,144.0,14.4,10
Robert King,10322,112.0,5.6,20
Margaret Peacock,10323,62.0,12.4,5
Margaret Peacock,10323,44.8,11.2,4
Margaret Peacock,10323,57.6,14.4,4
Anne Dodsworth,10324,291.9,13.9,21
Anne Dodsworth,10324,1008.0,14.4,70
Anne Dodsworth,10324,288.0,9.6,30
Anne Dodsworth,10324,1760.0,44.0,40
Anne Dodsworth,10324,2808.0,35.1,80
Nancy Davolio,10325,120.0,20.0,6
Nancy Davolio,10325,57.6,4.8,12
Nancy Davolio,10325,167.4,18.6,9
Nancy Davolio,10325,40.0,10.0,4
Nancy Davolio,10325,1112.0,27.8,40
Margaret Peacock,10326,422.4,17.6,24
Margaret Peacock,10326,249.6,15.6,16
Margaret Peacock,10326,310.0,6.2,50
Margaret Peacock,10328,396.0,44.0,9
Margaret Peacock,10328,672.0,16.8,40
Margaret Peacock,10328,100.0,10.0,10
Margaret Peacock,10329,73.0,7.3,10
Margaret Peacock,10329,165.6,20.7,8
Margaret Peacock,10329,4216.0,210.8,20
Margaret Peacock,10329,364.8,30.4,12
Janet Leverling,10330,1245.0,24.9,50
Janet Leverling,10330,695.0,27.8,25
Anne Dodsworth,10331,88.5,5.9,15
Janet Leverling,10332,2000.0,50.0,40
Janet Leverling,10332,112.0,11.2,10
Janet Leverling,10332,121.6,7.6,16
Robert King,10335,106.4,15.2,7
Robert King,10335,250.0,10.0,25
Robert King,10335,153.6,25.6,6
Robert King,10335,2035.2,42.4,48
Robert King,10336,316.8,17.6,18
Margaret Peacock,10337,288.0,7.2,40
Margaret Peacock,10337,597.6,24.9,24
Margaret Peacock,10337,304.0,15.2,20
Margaret Peacock,10337,582.4,20.8,28
Margaret Peacock,10337,695.0,27.8,25
Margaret Peacock,10338,624.0,31.2,20
Margaret Peacock,10338,310.5,20.7,15
Nancy Davolio,10340,1000.0,50.0,20
Nancy Davolio,10340,92.4,7.7,12
Nancy Davolio,10340,1472.0,36.8,40
Robert King,10341,16.0,2.0,8
Robert King,10341,396.0,44.0,9
Margaret Peacock,10342,364.8,15.2,24
Margaret Peacock,10342,560.0,10.0,56
Margaret Peacock,10342,608.0,15.2,40
Margaret Peacock,10342,768.0,19.2,40
Margaret Peacock,10343,1330.0,26.6,50
Margaret Peacock,10343,40.0,10.0,4
Margaret Peacock,10343,216.0,14.4,15
Margaret Peacock,10344,616.0,17.6,35
Margaret Peacock,10344,2240.0,32.0,70
Janet Leverling,10346,1123.2,31.2,36
Janet Leverling,10346,608.0,30.4,20
Margaret Peacock,10347,112.0,11.2,10
Margaret Peacock,10347,720.0,14.4,50
Margaret Peacock,10347,58.8,14.7,4
Margaret Peacock,10347,37.2,6.2,6
Margaret Peacock,10348,216.0,14.4,15
Margaret Peacock,10348,180.0,7.2,25
Robert King,10349,141.6,5.9,24
Michael Suyama,10350,195.0,13.0,15
Michael Suyama,10350,518.4,28.8,18
Nancy Davolio,10351,4216.0,210.8,20
Nancy Davolio,10351,100.1,7.7,13
Nancy Davolio,10351,1193.5,15.5,77
Nancy Davolio,10351,168.0,16.8,10
Janet Leverling,10352,36.0,3.6,10
Janet Leverling,10352,118.0,5.9,20
Robert King,10353,201.6,16.8,12
Robert King,10353,10540.0,210.8,50
Michael Suyama,10355,90.0,3.6,25
Michael Suyama,10355,390.0,15.6,25
Michael Suyama,10356,300.0,10.0,30
Michael Suyama,10356,230.4,19.2,12
Michael Suyama,10356,576.0,28.8,20
Nancy Davolio,10357,744.0,24.8,30
Nancy Davolio,10357,398.4,24.9,16
Nancy Davolio,10357,217.6,27.2,8
Margaret Peacock,10360,1092.0,36.4,30
Margaret Peacock,10360,3465.0,99.0,35
Margaret Peacock,10360,2108.0,210.8,10
Margaret Peacock,10360,560.0,16.0,35
Margaret Peacock,10360,165.2,5.9,28
Nancy Davolio,10361,777.6,14.4,54
Nancy Davolio,10361,1496.0,27.2,55
Janet Leverling,10362,560.0,11.2,50
Janet Leverling,10362,848.0,42.4,20
Janet Leverling,10362,141.6,5.9,24
Margaret Peacock,10363,200.0,10.0,20
Margaret Peacock,10363,74.4,6.2,12
Margaret Peacock,10363,172.8,14.4,12
Nancy Davolio,10364,864.0,28.8,30
Nancy Davolio,10364,86.0,17.2,5
Janet Leverling,10365,403.2,16.8,24
Robert King,10367,403.2,11.2,36
Robert King,10367,106.2,5.9,18
Robert King,10367,252.0,16.8,15
Robert King,10367,72.8,10.4,7
Michael Suyama,10370,216.0,14.4,15
Michael Suyama,10370,798.0,26.6,30
Michael Suyama,10370,160.0,8.0,20
Nancy Davolio,10371,91.2,15.2,6
Margaret Peacock,10373,848.0,10.6,80
Margaret Peacock,10373,860.0,17.2,50
Nancy Davolio,10374,300.0,10.0,30
Nancy Davolio,10374,159.0,10.6,15
Janet Leverling,10375,279.0,18.6,15
Janet Leverling,10375,59.0,5.9,10
Nancy Davolio,10376,420.0,10.0,42
Nancy Davolio,10377,728.0,36.4,20
Nancy Davolio,10377,288.0,14.4,20
Janet Leverling,10381,112.0,8.0,14
Margaret Peacock,10382,544.0,17.0,32
Margaret Peacock,10382,450.0,50.0,9
Margaret Peacock,10382,1386.0,99.0,14
Margaret Peacock,10382,120.0,2.0,60
Margaret Peacock,10382,400.0,8.0,50
Janet Leverling,10384,1814.4,64.8,28
Janet Leverling,10384,408.0,27.2,15
Nancy Davolio,10385,240.0,24.0,10
Nancy Davolio,10385,544.0,27.2,20
Nancy Davolio,10385,80.0,10.0,8
Anne Dodsworth,10386,54.0,3.6,15
Anne Dodsworth,10386,112.0,11.2,10
Nancy Davolio,10387,54.0,3.6,15
Nancy Davolio,10387,218.4,36.4,6
Nancy Davolio,10387,528.0,44.0,12
Nancy Davolio,10387,258.0,17.2,15
Margaret Peacock,10389,396.8,24.8,16
Margaret Peacock,10389,288.0,19.2,15
Margaret Peacock,10389,788.0,39.4,20
Margaret Peacock,10389,360.0,12.0,30
Michael Suyama,10390,600.0,10.0,60
Michael Suyama,10390,576.0,14.4,40
Michael Suyama,10390,432.0,9.6,45
Michael Suyama,10390,667.2,27.8,24
Janet Leverling,10391,86.4,4.8,18
Nancy Davolio,10393,380.0,15.2,25
Nancy Davolio,10393,781.2,18.6,42
Nancy Davolio,10393,78.4,11.2,7
Nancy Davolio,10393,1743.0,24.9,70
Nancy Davolio,10393,320.0,10.0,32
Nancy Davolio,10394,48.0,4.8,10
Nancy Davolio,10394,394.0,39.4,10
Michael Suyama,10395,268.8,9.6,28
Michael Suyama,10395,1834.0,26.2,70
Michael Suyama,10395,230.4,28.8,8
Nancy Davolio,10396,288.0,7.2,40
Nancy Davolio,10396,1032.0,17.2,60
Nancy Davolio,10396,583.8,27.8,21
Nancy Davolio,10400,2079.0,99.0,21
Nancy Davolio,10400,504.0,14.4,35
Nancy Davolio,10400,480.0,16.0,30
Nancy Davolio,10401,372.6,20.7,18
Nancy Davolio,10401,2128.0,30.4,70
Nancy Davolio,10401,336.0,16.8,20
Nancy Davolio,10401,1032.0,17.2,60
Margaret Peacock,10403,291.9,13.9,21
Margaret Peacock,10403,714.0,10.2,70
Nancy Davolio,10405,400.0,8.0,50
Robert King,10406,144.0,14.4,10
Robert King,10406,240.0,8.0,30
Robert King,10406,1528.8,36.4,42
Robert King,10406,76.0,15.2,5
Robert King,10406,29.4,14.7,2
Janet Leverling,10409,223.2,18.6,12
Janet Leverling,10409,96.0,8.0,12
Janet Leverling,10410,98.0,2.0,49
Janet Leverling,10410,704.0,44.0,16
Anne Dodsworth,10411,192.5,7.7,25
Anne Dodsworth,10411,620.0,15.5,40
Anne Dodsworth,10411,396.0,44.0,9
Janet Leverling,10413,345.6,14.4,24
Janet Leverling,10413,1576.0,39.4,40
Janet Leverling,10413,201.6,14.4,14
Janet Leverling,10415,62.4,31.2,2
Janet Leverling,10415,40.0,2.0,20
Margaret Peacock,10417,10540.0,210.8,50
Margaret Peacock,10417,19.2,9.6,2
Margaret Peacock,10417,360.0,10.0,36
Margaret Peacock,10417,364.0,10.4,35
Margaret Peacock,10418,912.0,15.2,60
Margaret Peacock,10418,418.0,7.6,55
Margaret Peacock,10418,364.8,22.8,16
Margaret Peacock,10418,120.0,8.0,15
Margaret Peacock,10419,1632.0,27.2,60
Margaret Peacock,10419,576.0,28.8,20
Janet Leverling,10420,1552.0,77.6,20
Janet Leverling,10420,9.6,4.8,2
Janet Leverling,10420,96.0,12.0,8
Janet Leverling,10420,240.0,12.0,20
Michael Suyama,10423,140.0,10.0,14
Michael Suyama,10423,880.0,44.0,20
Robert King,10424,864.0,14.4,60
Robert King,10424,10329.2,210.8,49
Robert King,10424,300.0,10.0,30
Michael Suyama,10425,192.0,19.2,10
Michael Suyama,10425,288.0,14.4,20
Margaret Peacock,10426,152.0,30.4,5
Margaret Peacock,10426,186.2,26.6,7
Margaret Peacock,10427,651.0,18.6,35
Robert King,10428,192.0,9.6,20
Janet Leverling,10429,520.0,13.0,40
Janet Leverling,10429,1228.5,35.1,35
Margaret Peacock,10430,1404.0,31.2,45
Margaret Peacock,10430,400.0,8.0,50
Margaret Peacock,10430,912.0,30.4,30
Margaret Peacock,10430,3080.0,44.0,70
Margaret Peacock,10431,1560.0,31.2,50
Margaret Peacock,10431,735.0,14.7,50
Margaret Peacock,10431,228.0,7.6,30
Janet Leverling,10432,249.0,24.9,10
Janet Leverling,10432,236.0,5.9,40
Janet Leverling,10433,851.2,30.4,28
Janet Leverling,10434,100.8,16.8,6
Janet Leverling,10434,259.2,14.4,18
Janet Leverling,10436,48.0,9.6,5
Janet Leverling,10436,1216.0,30.4,40
Janet Leverling,10436,798.0,26.6,30
Janet Leverling,10436,148.8,6.2,24
Janet Leverling,10438,109.5,7.3,15
Janet Leverling,10438,224.0,11.2,20
Janet Leverling,10438,234.0,15.6,15
Michael Suyama,10439,456.0,30.4,15
Michael Suyama,10439,222.4,13.9,16
Michael Suyama,10439,159.6,26.6,6
Michael Suyama,10439,240.0,8.0,30
Margaret Peacock,10440,684.0,15.2,45
Margaret Peacock,10440,681.1,13.9,49
Margaret Peacock,10440,2376.0,99.0,24
Margaret Peacock,10440,2052.0,22.8,90
Janet Leverling,10441,1755.0,35.1,50
Janet Leverling,10442,504.0,16.8,30
Janet Leverling,10442,472.0,5.9,80
Janet Leverling,10442,816.0,13.6,60
Janet Leverling,10444,312.0,31.2,10
Janet Leverling,10444,373.5,24.9,15
Janet Leverling,10444,115.2,14.4,8
Janet Leverling,10444,231.0,7.7,30
Janet Leverling,10445,86.4,14.4,6
Janet Leverling,10445,88.5,5.9,15
Michael Suyama,10446,87.6,7.3,12
Michael Suyama,10446,72.0,3.6,20
Michael Suyama,10446,30.0,10.0,3
Michael Suyama,10446,84.0,5.6,15
Margaret Peacock,10447,292.0,7.3,40
Margaret Peacock,10447,588.0,16.8,35
Margaret Peacock,10447,34.4,17.2,2
Margaret Peacock,10448,149.4,24.9,6
Margaret Peacock,10448,294.0,14.7,20
Janet Leverling,10449,347.2,24.8,14
Janet Leverling,10449,112.0,5.6,20
Janet Leverling,10449,1379.0,39.4,35
Margaret Peacock,10451,2304.0,19.2,120
Margaret Peacock,10451,931.0,26.6,35
Margaret Peacock,10451,470.4,16.8,28
Margaret Peacock,10451,572.0,10.4,55
Nancy Davolio,10453,153.0,10.2,15
Nancy Davolio,10453,300.0,12.0,25
Margaret Peacock,10454,278.0,13.9,20
Margaret Peacock,10454,40.0,2.0,20
Margaret Peacock,10454,96.0,9.6,10
Robert King,10458,747.0,24.9,30
Robert King,10458,1092.0,36.4,30
Robert King,10458,736.0,36.8,20
Robert King,10458,456.0,30.4,15
Robert King,10458,860.0,17.2,50
Margaret Peacock,10459,384.0,24.0,16
Margaret Peacock,10459,192.0,9.6,20
Margaret Peacock,10459,1112.0,27.8,40
Nancy Davolio,10461,320.0,8.0,40
Nancy Davolio,10461,579.6,20.7,28
Nancy Davolio,10461,1152.0,19.2,60
Margaret Peacock,10464,281.6,17.6,16
Margaret Peacock,10464,110.4,36.8,3
Margaret Peacock,10464,912.0,30.4,30
Margaret Peacock,10464,544.0,27.2,20
Nancy Davolio,10465,90.0,3.6,25
Nancy Davolio,10465,1782.0,99.0,18
Nancy Davolio,10465,294.0,14.7,20
Nancy Davolio,10465,228.0,7.6,30
Nancy Davolio,10465,325.0,13.0,25
Margaret Peacock,10466,168.0,16.8,10
Margaret Peacock,10466,48.0,9.6,5
Janet Leverling,10468,165.6,20.7,8
Janet Leverling,10468,552.0,36.8,15
Nancy Davolio,10469,608.0,15.2,40
Nancy Davolio,10469,486.5,13.9,35
Nancy Davolio,10469,31.0,15.5,2
Margaret Peacock,10470,1500.0,50.0,30
Margaret Peacock,10470,108.0,7.2,15
Margaret Peacock,10470,212.8,26.6,8
Nancy Davolio,10473,24.0,2.0,12
Nancy Davolio,10473,206.4,17.2,12
Anne Dodsworth,10475,350.0,10.0,35
Anne Dodsworth,10475,816.0,13.6,60
Anne Dodsworth,10475,604.8,14.4,42
Janet Leverling,10479,6324.0,210.8,30
Janet Leverling,10479,733.6,26.2,28
Janet Leverling,10479,2640.0,44.0,60
Janet Leverling,10479,798.0,26.6,30
Michael Suyama,10480,228.0,7.6,30
Michael Suyama,10480,528.0,44.0,12
Nancy Davolio,10482,147.0,14.7,10
Robert King,10483,392.0,11.2,35
Robert King,10483,312.0,10.4,30
Janet Leverling,10484,112.0,8.0,14
Janet Leverling,10484,147.0,14.7,10
Janet Leverling,10484,127.2,42.4,3
Margaret Peacock,10485,304.0,15.2,20
Margaret Peacock,10485,160.0,8.0,20
Margaret Peacock,10485,576.0,19.2,30
Margaret Peacock,10485,720.0,12.0,60
Nancy Davolio,10486,84.0,16.8,5
Nancy Davolio,10486,1060.0,42.4,25
Nancy Davolio,10486,128.0,8.0,16
Michael Suyama,10489,252.0,16.8,15
Michael Suyama,10489,250.2,13.9,18
Robert King,10490,2640.0,44.0,60
Robert King,10490,300.0,10.0,30
Robert King,10490,223.2,6.2,36
Janet Leverling,10492,672.0,11.2,60
Janet Leverling,10492,224.0,11.2,20
Margaret Peacock,10493,252.0,16.8,15
Margaret Peacock,10493,136.0,13.6,10
Margaret Peacock,10493,288.0,28.8,10
Margaret Peacock,10494,912.0,30.4,30
Janet Leverling,10495,72.0,7.2,10
Janet Leverling,10495,154.0,7.7,20
Janet Leverling,10495,52.0,10.4,5
Robert King,10496,200.0,10.0,20
Robert King,10497,425.6,30.4,14
Robert King,10497,695.0,27.8,25
Robert King,10497,260.0,10.4,25
Margaret Peacock,10499,912.0,45.6,20
Margaret Peacock,10499,500.0,20.0,25
Michael Suyama,10500,186.0,15.5,12
Michael Suyama,10500,364.8,45.6,8
Anne Dodsworth,10501,149.0,7.45,20
Michael Suyama,10503,1627.5,23.25,70
Michael Suyama,10503,421.0,21.05,20
Margaret Peacock,10504,228.0,19.0,12
Margaret Peacock,10504,120.0,10.0,12
Margaret Peacock,10504,328.0,32.8,10
Margaret Peacock,10504,712.5,28.5,25
Janet Leverling,10505,147.9,49.3,3
Anne Dodsworth,10506,252.0,14.0,18
Anne Dodsworth,10506,210.0,15.0,14
Robert King,10507,690.0,46.0,15
Robert King,10507,191.25,12.75,15
Nancy Davolio,10508,60.0,6.0,10
Nancy Davolio,10508,180.0,18.0,10
Margaret Peacock,10509,136.8,45.6,3
Michael Suyama,10510,4456.44,123.79,36
Michael Suyama,10510,279.0,7.75,36
Margaret Peacock,10511,1100.0,22.0,50
Margaret Peacock,10511,1500.0,30.0,50
Margaret Peacock,10511,400.0,40.0,10
Robert King,10512,45.0,4.5,10
Robert King,10512,108.0,12.0,9
Robert King,10512,57.0,9.5,6
Robert King,10512,408.0,34.0,12
Robert King,10513,400.0,10.0,40
Robert King,10513,1600.0,32.0,50
Robert King,10513,427.5,28.5,15
Janet Leverling,10514,3159.0,81.0,39
Janet Leverling,10514,1596.0,45.6,35
Janet Leverling,10514,2660.0,38.0,70
Janet Leverling,10514,820.95,21.05,39
Janet Leverling,10514,387.5,7.75,50
Janet Leverling,10517,42.0,7.0,6
Janet Leverling,10517,220.0,55.0,4
Janet Leverling,10517,90.0,15.0,6
Margaret Peacock,10518,22.5,4.5,5
Margaret Peacock,10518,3952.5,263.5,15
Margaret Peacock,10518,175.05,19.45,9
Michael Suyama,10519,496.0,31.0,16
Michael Suyama,10519,1520.0,38.0,40
Michael Suyama,10519,340.0,34.0,10
Robert King,10520,36.0,4.5,8
Robert King,10520,164.0,32.8,5
Margaret Peacock,10522,720.0,18.0,40
Margaret Peacock,10522,960.0,40.0,24
Margaret Peacock,10522,517.8,25.89,20
Margaret Peacock,10522,460.0,18.4,25
Robert King,10523,975.0,39.0,25
Robert King,10523,1215.0,81.0,15
Robert King,10523,468.0,26.0,18
Robert King,10523,57.9,9.65,6
Nancy Davolio,10524,62.0,31.0,2
Nancy Davolio,10524,258.9,25.89,10
Nancy Davolio,10524,2760.0,46.0,60
Nancy Davolio,10524,111.75,7.45,15
Nancy Davolio,10525,570.0,19.0,30
Nancy Davolio,10525,276.0,18.4,15
Margaret Peacock,10526,144.0,18.0,8
Margaret Peacock,10526,60.0,6.0,10
Margaret Peacock,10526,1140.0,38.0,30
Robert King,10527,1100.0,22.0,50
Robert King,10527,570.0,19.0,30
Michael Suyama,10528,63.0,21.0,3
Michael Suyama,10528,20.0,2.5,8
Michael Suyama,10528,313.2,34.8,9
Janet Leverling,10530,1560.0,39.0,40
Janet Leverling,10530,1150.0,46.0,25
Janet Leverling,10530,570.0,28.5,20
Janet Leverling,10530,900.0,18.0,50
Robert King,10531,110.0,55.0,2
Robert King,10532,388.35,25.89,15
Robert King,10532,408.0,17.0,24
Margaret Peacock,10535,1050.0,21.0,50
Margaret Peacock,10535,184.0,18.4,10
Margaret Peacock,10535,97.5,19.5,5
Margaret Peacock,10535,825.0,55.0,15
Janet Leverling,10536,570.0,38.0,15
Janet Leverling,10536,250.0,12.5,20
Janet Leverling,10536,75.0,2.5,30
Janet Leverling,10536,1190.0,34.0,35
Nancy Davolio,10537,375.0,12.5,30
Nancy Davolio,10537,318.0,53.0,6
Nancy Davolio,10537,265.0,13.25,20
Nancy Davolio,10537,730.8,34.8,21
Nancy Davolio,10537,135.0,15.0,9
Anne Dodsworth,10538,105.0,15.0,7
Anne Dodsworth,10538,34.8,34.8,1
Michael Suyama,10539,48.0,6.0,8
Michael Suyama,10539,150.0,10.0,15
Michael Suyama,10539,37.5,2.5,15
Michael Suyama,10539,120.0,20.0,6
Janet Leverling,10540,600.0,10.0,60
Janet Leverling,10540,1249.2,31.23,40
Janet Leverling,10540,7905.0,263.5,30
Janet Leverling,10540,437.5,12.5,35
Nancy Davolio,10542,315.0,21.0,15
Nancy Davolio,10542,178.8,7.45,24
Margaret Peacock,10544,319.2,45.6,7
Margaret Peacock,10544,98.0,14.0,7
Nancy Davolio,10546,300.0,30.0,10
Nancy Davolio,10546,540.0,18.0,30
Nancy Davolio,10546,1972.0,49.3,40
Janet Leverling,10547,768.0,32.0,24
Janet Leverling,10547,1140.0,19.0,60
Janet Leverling,10548,140.0,14.0,10
Janet Leverling,10548,135.1,9.65,14
Robert King,10550,312.0,39.0,8
Robert King,10550,92.0,9.2,10
Robert King,10550,60.0,10.0,6
Robert King,10550,285.0,28.5,10
Margaret Peacock,10551,698.0,17.45,40
Margaret Peacock,10551,360.0,18.0,20
Margaret Peacock,10551,778.0,19.45,40
Margaret Peacock,10554,523.5,17.45,30
Margaret Peacock,10554,180.0,9.0,20
Margaret Peacock,10554,986.0,49.3,20
Margaret Peacock,10554,130.0,13.0,10
Michael Suyama,10555,697.5,23.25,30
Michael Suyama,10555,322.0,9.2,35
Michael Suyama,10555,81.0,4.5,18
Michael Suyama,10555,1060.0,53.0,20
Michael Suyama,10555,1520.0,38.0,40
Anne Dodsworth,10557,997.5,33.25,30
Anne Dodsworth,10557,155.0,7.75,20
Nancy Davolio,10558,237.5,9.5,25
Nancy Davolio,10558,1060.0,53.0,20
Nancy Davolio,10558,210.0,7.0,30
Nancy Davolio,10558,590.4,32.8,18
Nancy Davolio,10558,45.0,15.0,3
Michael Suyama,10559,115.8,9.65,12
Michael Suyama,10559,432.0,24.0,18
Nancy Davolio,10562,50.0,2.5,20
Nancy Davolio,10562,493.0,49.3,10
Margaret Peacock,10564,624.0,39.0,16
Margaret Peacock,10564,75.0,12.5,6
Margaret Peacock,10564,600.0,24.0,25
Anne Dodsworth,10566,735.0,21.0,35
Anne Dodsworth,10566,1125.0,62.5,18
Anne Dodsworth,10566,180.0,18.0,10
Nancy Davolio,10567,750.0,12.5,60
Nancy Davolio,10567,159.0,53.0,3
Nancy Davolio,10567,2200.0,55.0,40
Janet Leverling,10568,155.0,31.0,5
Janet Leverling,10570,315.0,21.0,15
Janet Leverling,10570,2280.0,38.0,60
Janet Leverling,10572,209.4,17.45,12
Janet Leverling,10572,320.0,32.0,10
Janet Leverling,10572,920.0,18.4,50
Janet Leverling,10572,116.25,7.75,15
Robert King,10573,702.0,39.0,18
Robert King,10573,560.0,14.0,40
Robert King,10573,820.0,32.8,25
Margaret Peacock,10574,35.0,2.5,14
Margaret Peacock,10574,36.8,18.4,2
Margaret Peacock,10574,493.0,49.3,10
Margaret Peacock,10574,199.5,33.25,6
Janet Leverling,10576,180.0,18.0,10
Janet Leverling,10576,250.0,12.5,20
Janet Leverling,10576,408.45,19.45,21
Anne Dodsworth,10577,180.0,18.0,10
Anne Dodsworth,10577,155.0,7.75,20
Anne Dodsworth,10577,234.0,13.0,18
Margaret Peacock,10578,360.0,18.0,20
Margaret Peacock,10578,117.0,19.5,6
Nancy Davolio,10579,155.0,15.5,10
Nancy Davolio,10579,162.75,7.75,21
Margaret Peacock,10580,348.75,23.25,15
Margaret Peacock,10580,86.85,9.65,9
Margaret Peacock,10580,631.5,21.05,30
Janet Leverling,10581,387.5,7.75,50
Janet Leverling,10582,78.0,19.5,4
Janet Leverling,10582,252.0,18.0,14
Margaret Peacock,10584,625.0,12.5,50
Robert King,10585,142.5,9.5,15
Anne Dodsworth,10586,28.0,7.0,4
Nancy Davolio,10587,187.38,31.23,6
Nancy Davolio,10587,360.0,18.0,20
Nancy Davolio,10587,260.0,13.0,20
Margaret Peacock,10590,360.0,18.0,20
Margaret Peacock,10590,780.0,13.0,60
Nancy Davolio,10591,140.0,10.0,14
Nancy Davolio,10591,300.0,30.0,10
Nancy Davolio,10591,372.5,7.45,50
Janet Leverling,10592,387.5,15.5,25
Janet Leverling,10592,156.15,31.23,5
Robert King,10593,1701.0,81.0,21
Robert King,10593,720.0,36.0,20
Robert King,10593,72.0,18.0,4
Janet Leverling,10594,168.0,7.0,24
Janet Leverling,10594,397.5,13.25,30
Robert King,10597,157.5,4.5,35
Robert King,10597,390.0,19.5,20
Robert King,10597,252.6,21.05,12
Nancy Davolio,10598,2195.0,43.9,50
Nancy Davolio,10598,193.5,21.5,9
Michael Suyama,10599,493.0,49.3,10
Margaret Peacock,10600,29.8,7.45,4
Margaret Peacock,10600,450.0,15.0,30
Robert King,10601,360.0,6.0,60
Robert King,10601,1925.0,55.0,35
Nancy Davolio,10604,76.5,12.75,6
Nancy Davolio,10604,180.0,18.0,10
Nancy Davolio,10605,523.5,17.45,30
Nancy Davolio,10605,1100.0,55.0,20
Nancy Davolio,10605,2380.0,34.0,70
Nancy Davolio,10605,322.5,21.5,15
Margaret Peacock,10606,440.0,22.0,20
Margaret Peacock,10606,480.0,24.0,20
Margaret Peacock,10606,493.0,49.3,10
Margaret Peacock,10608,1064.0,38.0,28
Robert King,10609,54.0,18.0,3
Robert King,10609,310.0,31.0,10
Robert King,10609,60.0,10.0,6
Michael Suyama,10611,108.0,18.0,6
Michael Suyama,10611,190.0,19.0,10
Michael Suyama,10611,510.0,34.0,15
Nancy Davolio,10612,2170.0,31.0,70
Nancy Davolio,10612,1045.0,19.0,55
Nancy Davolio,10612,360.0,20.0,18
Nancy Davolio,10612,1360.0,34.0,40
Nancy Davolio,10612,1440.0,18.0,80
Margaret Peacock,10613,48.0,6.0,8
Margaret Peacock,10613,310.0,7.75,40
Nancy Davolio,10616,3952.5,263.5,15
Nancy Davolio,10616,532.0,38.0,14
Nancy Davolio,10616,225.0,15.0,15
Nancy Davolio,10616,322.5,21.5,15
Margaret Peacock,10617,1650.0,55.0,30
Nancy Davolio,10618,1750.0,25.0,70
Nancy Davolio,10618,760.0,38.0,20
Nancy Davolio,10618,187.5,12.5,15
Janet Leverling,10619,420.0,10.0,42
Janet Leverling,10619,840.0,21.0,40
Margaret Peacock,10621,46.0,9.2,5
Margaret Peacock,10621,90.0,9.0,10
Margaret Peacock,10621,300.0,15.0,20
Margaret Peacock,10621,322.5,21.5,15
Margaret Peacock,10622,380.0,19.0,20
Margaret Peacock,10622,225.0,12.5,18
Margaret Peacock,10624,456.0,45.6,10
Margaret Peacock,10624,742.74,123.79,6
Margaret Peacock,10624,194.5,19.45,10
Janet Leverling,10625,69.75,23.25,3
Janet Leverling,10625,70.0,14.0,5
Janet Leverling,10625,340.0,34.0,10
Nancy Davolio,10626,393.6,32.8,12
Nancy Davolio,10626,680.0,34.0,20
Nancy Davolio,10626,430.0,21.5,20
Margaret Peacock,10628,450.0,18.0,25
Margaret Peacock,10629,2475.8,123.79,20
Margaret Peacock,10629,299.25,33.25,9
Nancy Davolio,10630,288.0,24.0,12
Nancy Davolio,10630,630.0,18.0,35
Robert King,10633,1368.0,38.0,36
Robert King,10633,78.0,6.0,13
Robert King,10633,1093.05,31.23,35
Robert King,10633,3944.0,49.3,80
Margaret Peacock,10634,1050.0,30.0,35
Margaret Peacock,10634,3125.0,62.5,50
Margaret Peacock,10634,795.0,53.0,15
Margaret Peacock,10634,15.5,7.75,2
Margaret Peacock,10636,550.0,22.0,25
Margaret Peacock,10636,79.5,13.25,6
Michael Suyama,10637,210.0,21.0,10
Michael Suyama,10637,406.25,16.25,25
Michael Suyama,10637,2280.0,38.0,60
Janet Leverling,10638,190.0,9.5,20
Janet Leverling,10638,442.05,21.05,21
Janet Leverling,10638,2088.0,34.8,60
Robert King,10639,500.0,62.5,8
Margaret Peacock,10640,720.0,36.0,20
Margaret Peacock,10640,225.0,15.0,15
Margaret Peacock,10641,950.0,19.0,50
Margaret Peacock,10641,1104.0,18.4,60
Robert King,10642,300.0,10.0,30
Robert King,10642,570.0,28.5,20
Michael Suyama,10643,684.0,45.6,15
Michael Suyama,10643,378.0,18.0,21
Michael Suyama,10643,24.0,12.0,2
Janet Leverling,10644,250.0,62.5,4
Janet Leverling,10644,920.0,46.0,20
Janet Leverling,10644,252.0,12.0,21
Margaret Peacock,10645,1250.0,62.5,20
Margaret Peacock,10645,285.0,19.0,15
Anne Dodsworth,10646,270.0,18.0,15
Anne Dodsworth,10646,558.0,31.0,18
Anne Dodsworth,10646,645.0,21.5,30
Anne Dodsworth,10646,455.0,13.0,35
Margaret Peacock,10647,276.0,9.2,30
Margaret Peacock,10647,360.0,18.0,20
Margaret Peacock,10652,51.78,25.89,2
Margaret Peacock,10652,280.0,14.0,20
Nancy Davolio,10653,523.5,17.45,30
Nancy Davolio,10653,680.0,34.0,20
Nancy Davolio,10655,193.0,9.65,20
Michael Suyama,10656,69.75,23.25,3
Michael Suyama,10656,544.6,19.45,28
Michael Suyama,10656,57.0,9.5,6
Margaret Peacock,10658,600.0,10.0,60
Margaret Peacock,10658,1288.0,18.4,70
Margaret Peacock,10658,1870.0,34.0,55
Margaret Peacock,10658,910.0,13.0,70
Robert King,10659,250.0,12.5,20
Robert King,10659,441.6,18.4,24
Robert King,10659,600.0,15.0,40
Robert King,10661,54.0,18.0,3
Robert King,10661,649.25,13.25,49
Janet Leverling,10662,125.0,12.5,10
Nancy Davolio,10664,744.0,31.0,24
Nancy Davolio,10664,456.0,38.0,12
Nancy Davolio,10664,315.75,21.05,15
Nancy Davolio,10665,1060.0,53.0,20
Nancy Davolio,10665,55.0,55.0,1
Nancy Davolio,10665,180.0,18.0,10
Robert King,10666,4456.44,123.79,36
Robert King,10666,210.5,21.05,10
Robert King,10667,1620.0,36.0,45
Robert King,10667,301.0,21.5,14
Nancy Davolio,10668,100.0,12.5,8
Nancy Davolio,10668,96.0,24.0,4
Nancy Davolio,10668,498.75,33.25,15
Margaret Peacock,10670,288.0,9.0,32
Margaret Peacock,10670,720.0,12.0,60
Margaret Peacock,10670,350.0,14.0,25
Margaret Peacock,10670,750.0,15.0,50
Margaret Peacock,10670,193.75,7.75,25
Nancy Davolio,10671,174.5,17.45,10
Nancy Davolio,10671,493.0,49.3,10
Nancy Davolio,10671,252.6,21.05,12
Anne Dodsworth,10672,3952.5,263.5,15
Anne Dodsworth,10672,258.0,21.5,12
Margaret Peacock,10674,45.0,9.0,5
Nancy Davolio,10677,936.9,31.23,30
Nancy Davolio,10677,20.0,2.5,8
Robert King,10678,3800.0,38.0,100
Robert King,10678,75.0,2.5,30
Robert King,10678,1158.0,9.65,120
Robert King,10678,223.5,7.45,30
Nancy Davolio,10680,872.5,17.45,50
Nancy Davolio,10680,250.0,12.5,20
Nancy Davolio,10680,560.0,14.0,40
Janet Leverling,10681,276.0,9.2,30
Janet Leverling,10681,120.0,10.0,12
Janet Leverling,10681,931.0,33.25,28
Janet Leverling,10682,75.0,2.5,30
Janet Leverling,10682,68.0,17.0,4
Janet Leverling,10682,232.5,7.75,30
Janet Leverling,10684,368.0,18.4,20
Janet Leverling,10684,380.0,9.5,40
Janet Leverling,10684,1020.0,34.0,30
Margaret Peacock,10685,620.0,31.0,20
Margaret Peacock,10685,38.6,9.65,4
Margaret Peacock,10685,142.5,9.5,15
Anne Dodsworth,10687,4850.0,97.0,50
Anne Dodsworth,10687,1237.9,123.79,10
Anne Dodsworth,10687,114.0,19.0,6
Margaret Peacock,10688,558.0,31.0,18
Margaret Peacock,10688,2736.0,45.6,60
Margaret Peacock,10688,196.0,14.0,14
Nancy Davolio,10689,630.0,18.0,35
Nancy Davolio,10690,760.0,38.0,20
Nancy Davolio,10690,390.0,13.0,30
Margaret Peacock,10692,878.0,43.9,20
Janet Leverling,10693,582.0,97.0,6
Janet Leverling,10693,447.0,7.45,60
Janet Leverling,10693,1080.0,36.0,30
Janet Leverling,10693,225.0,15.0,15
Robert King,10695,400.0,40.0,10
Robert King,10695,152.0,38.0,4
Robert King,10695,90.0,4.5,20
Janet Leverling,10697,64.4,9.2,7
Janet Leverling,10697,162.0,18.0,9
Janet Leverling,10697,397.5,13.25,30
Janet Leverling,10697,450.0,15.0,30
Margaret Peacock,10698,315.0,21.0,15
Margaret Peacock,10698,312.0,39.0,8
Margaret Peacock,10698,1485.48,123.79,12
Margaret Peacock,10698,1368.25,21.05,65
Margaret Peacock,10698,120.0,15.0,8
Janet Leverling,10699,114.0,9.5,12
Janet Leverling,10700,90.0,18.0,5
Janet Leverling,10700,168.0,14.0,12
Janet Leverling,10700,500.0,12.5,40
Janet Leverling,10700,1290.0,21.5,60
Michael Suyama,10701,2310.0,55.0,42
Michael Suyama,10701,430.0,21.5,20
Michael Suyama,10701,630.0,18.0,35
Margaret Peacock,10702,60.0,10.0,6
Margaret Peacock,10702,270.0,18.0,15
Michael Suyama,10703,95.0,19.0,5
Michael Suyama,10703,1925.0,55.0,35
Michael Suyama,10703,525.0,15.0,35
Michael Suyama,10704,132.0,22.0,6
Michael Suyama,10704,157.5,4.5,35
Michael Suyama,10704,306.0,12.75,24
Anne Dodsworth,10705,250.0,12.5,20
Anne Dodsworth,10705,128.0,32.0,4
Margaret Peacock,10707,504.0,24.0,21
Margaret Peacock,10707,780.0,19.5,40
Margaret Peacock,10707,420.0,15.0,28
Michael Suyama,10708,85.4,21.35,4
Michael Suyama,10708,95.0,19.0,5
Nancy Davolio,10709,1600.0,40.0,40
Nancy Davolio,10709,1484.0,53.0,28
Nancy Davolio,10709,340.0,34.0,10
Nancy Davolio,10710,46.0,9.2,5
Nancy Davolio,10710,47.5,9.5,5
Janet Leverling,10712,98.4,32.8,3
Janet Leverling,10712,1140.0,38.0,30
Nancy Davolio,10713,558.0,31.0,18
Nancy Davolio,10713,936.9,31.23,30
Nancy Davolio,10713,1045.0,9.5,110
Nancy Davolio,10713,288.0,12.0,24
Janet Leverling,10715,651.0,31.0,21
Janet Leverling,10715,645.0,21.5,30
Margaret Peacock,10716,50.0,10.0,5
Margaret Peacock,10716,371.0,53.0,7
Margaret Peacock,10716,285.0,28.5,10
Nancy Davolio,10717,320.0,10.0,32
Nancy Davolio,10717,111.75,7.45,15
Nancy Davolio,10717,900.0,36.0,25
Nancy Davolio,10718,1368.0,38.0,36
Nancy Davolio,10718,349.0,17.45,20
Nancy Davolio,10718,760.0,19.0,40
Nancy Davolio,10718,986.0,49.3,20
Janet Leverling,10723,468.45,31.23,15
Margaret Peacock,10725,115.8,9.65,12
Margaret Peacock,10725,28.0,7.0,4
Margaret Peacock,10725,144.0,24.0,6
Margaret Peacock,10726,550.0,22.0,25
Margaret Peacock,10726,105.0,21.0,5
Margaret Peacock,10728,388.35,25.89,15
Margaret Peacock,10728,110.4,18.4,6
Margaret Peacock,10728,288.0,24.0,12
Margaret Peacock,10728,510.0,34.0,15
Robert King,10731,400.0,10.0,40
Robert King,10731,1590.0,53.0,30
Janet Leverling,10732,360.0,18.0,20
Nancy Davolio,10733,372.0,23.25,16
Nancy Davolio,10733,912.0,45.6,20
Nancy Davolio,10733,175.0,7.0,25
Michael Suyama,10735,570.0,28.5,20
Michael Suyama,10735,26.0,13.0,2
Anne Dodsworth,10736,842.0,21.05,40
Anne Dodsworth,10736,155.0,7.75,20
Janet Leverling,10739,114.0,19.0,6
Janet Leverling,10739,126.0,7.0,18
Margaret Peacock,10740,228.0,45.6,5
Margaret Peacock,10740,630.0,18.0,35
Margaret Peacock,10740,380.0,9.5,40
Margaret Peacock,10740,532.0,38.0,14
Margaret Peacock,10741,285.0,19.0,15
Janet Leverling,10742,200.0,10.0,20
Janet Leverling,10742,1700.0,34.0,50
Janet Leverling,10742,1218.0,34.8,35
Nancy Davolio,10743,336.0,12.0,28
Michael Suyama,10744,920.0,18.4,50
Anne Dodsworth,10745,1500.0,62.5,24
Anne Dodsworth,10745,311.2,19.45,16
Anne Dodsworth,10745,2475.0,55.0,45
Anne Dodsworth,10745,243.6,34.8,7
Nancy Davolio,10746,36.0,6.0,6
Nancy Davolio,10746,392.0,14.0,28
Nancy Davolio,10746,443.7,49.3,9
Nancy Davolio,10746,1440.0,36.0,40
Michael Suyama,10747,100.0,12.5,8
Michael Suyama,10747,337.75,9.65,35
Michael Suyama,10747,395.1,43.9,9
Michael Suyama,10747,1080.0,36.0,30
Janet Leverling,10748,396.0,9.0,44
Janet Leverling,10748,736.0,18.4,40
Janet Leverling,10748,1064.0,38.0,28
Margaret Peacock,10749,570.0,38.0,15
Margaret Peacock,10749,330.0,55.0,6
Margaret Peacock,10749,180.0,18.0,10
Anne Dodsworth,10750,116.25,23.25,5
Anne Dodsworth,10750,380.0,9.5,40
Anne Dodsworth,10750,1375.0,55.0,25
Janet Leverling,10751,374.76,31.23,12
Janet Leverling,10751,776.7,25.89,30
Janet Leverling,10751,325.0,16.25,20
Janet Leverling,10751,225.0,15.0,15
Janet Leverling,10753,38.0,9.5,4
Janet Leverling,10753,50.0,10.0,5
Michael Suyama,10754,55.2,18.4,3
Margaret Peacock,10755,285.0,9.5,30
Margaret Peacock,10755,1140.0,38.0,30
Margaret Peacock,10755,273.0,19.5,14
Margaret Peacock,10755,900.0,36.0,25
Michael Suyama,10757,420.0,14.0,30
Michael Suyama,10757,385.0,55.0,7
Michael Suyama,10757,1479.0,49.3,30
Michael Suyama,10757,798.0,33.25,24
Janet Leverling,10758,624.6,31.23,20
Janet Leverling,10758,420.0,7.0,60
Janet Leverling,10758,600.0,15.0,40
Janet Leverling,10759,320.0,32.0,10
Margaret Peacock,10760,168.0,14.0,12
Margaret Peacock,10760,1756.0,43.9,40
Margaret Peacock,10760,1380.0,46.0,30
Janet Leverling,10762,288.0,18.0,16
Janet Leverling,10762,285.0,9.5,30
Janet Leverling,10762,1484.0,53.0,28
Janet Leverling,10762,2280.0,38.0,60
Janet Leverling,10763,400.0,10.0,40
Janet Leverling,10763,126.0,21.0,6
Janet Leverling,10763,90.0,4.5,20
Michael Suyama,10764,200.0,10.0,20
Michael Suyama,10764,2340.0,18.0,130
Janet Leverling,10765,1684.0,21.05,80
Margaret Peacock,10766,760.0,19.0,40
Margaret Peacock,10766,1050.0,30.0,35
Margaret Peacock,10766,500.0,12.5,40
Margaret Peacock,10767,28.0,14.0,2
Janet Leverling,10768,84.0,21.0,4
Janet Leverling,10768,625.0,12.5,50
Janet Leverling,10768,510.0,34.0,15
Janet Leverling,10768,258.0,21.5,12
Janet Leverling,10769,289.5,9.65,30
Janet Leverling,10769,105.0,7.0,15
Janet Leverling,10769,570.0,28.5,20
Janet Leverling,10769,739.5,49.3,15
Anne Dodsworth,10771,344.0,21.5,16
Janet Leverling,10772,2228.22,123.79,18
Janet Leverling,10772,1375.0,55.0,25
Nancy Davolio,10773,1287.0,39.0,33
Nancy Davolio,10773,875.0,12.5,70
Nancy Davolio,10773,54.25,7.75,7
Margaret Peacock,10774,25.0,12.5,2
Margaret Peacock,10774,850.0,17.0,50
Robert King,10775,186.0,31.0,6
Robert King,10775,42.0,14.0,3
Nancy Davolio,10776,200.0,12.5,16
Nancy Davolio,10776,168.0,14.0,12
Nancy Davolio,10776,256.5,9.5,27
Nancy Davolio,10776,6360.0,53.0,120
Robert King,10777,280.0,14.0,20
Janet Leverling,10778,96.5,9.65,10
Janet Leverling,10779,349.0,17.45,20
Janet Leverling,10779,986.0,49.3,20
Anne Dodsworth,10782,12.5,12.5,1
Margaret Peacock,10783,125.0,12.5,10
Margaret Peacock,10783,1317.5,263.5,5
Margaret Peacock,10784,570.0,19.0,30
Margaret Peacock,10784,36.0,18.0,2
Margaret Peacock,10784,1044.0,34.8,30
Nancy Davolio,10785,310.0,31.0,10
Nancy Davolio,10785,77.5,7.75,10
Nancy Davolio,10788,460.0,9.2,50
Nancy Davolio,10788,310.0,7.75,40
Nancy Davolio,10789,1875.0,62.5,30
Nancy Davolio,10789,270.0,18.0,15
Nancy Davolio,10789,1317.0,43.9,30
Nancy Davolio,10789,225.0,12.5,18
Michael Suyama,10790,90.0,30.0,3
Michael Suyama,10790,760.0,38.0,20
Michael Suyama,10791,1733.06,123.79,14
Michael Suyama,10791,193.0,9.65,20
Nancy Davolio,10792,190.0,19.0,10
Nancy Davolio,10792,22.35,7.45,3
Nancy Davolio,10792,187.5,12.5,15
Janet Leverling,10793,135.1,9.65,14
Janet Leverling,10793,56.0,7.0,8
Michael Suyama,10794,348.75,23.25,15
Michael Suyama,10794,44.7,7.45,6
Janet Leverling,10796,655.83,31.23,21
Janet Leverling,10796,194.5,19.45,10
Janet Leverling,10796,1163.75,33.25,35
Janet Leverling,10796,864.0,36.0,24
Robert King,10797,420.0,21.0,20
Anne Dodsworth,10799,120.0,6.0,20
Anne Dodsworth,10799,90.0,4.5,20
Anne Dodsworth,10799,1375.0,55.0,25
Nancy Davolio,10800,1050.0,21.0,50
Nancy Davolio,10800,530.0,53.0,10
Nancy Davolio,10800,52.15,7.45,7
Margaret Peacock,10801,1560.0,39.0,40
Margaret Peacock,10801,2475.8,123.79,20
Margaret Peacock,10802,647.25,25.89,25
Margaret Peacock,10802,1590.0,53.0,30
Margaret Peacock,10802,1440.0,24.0,60
Margaret Peacock,10802,246.5,49.3,5
Margaret Peacock,10803,220.8,9.2,24
Margaret Peacock,10803,210.0,14.0,15
Margaret Peacock,10803,825.0,55.0,15
Michael Suyama,10804,1116.0,31.0,36
Michael Suyama,10804,1094.4,45.6,24
Michael Suyama,10804,80.0,20.0,4
Janet Leverling,10806,380.0,19.0,20
Janet Leverling,10806,42.1,21.05,2
Janet Leverling,10806,150.0,10.0,15
Margaret Peacock,10807,18.4,18.4,1
Robert King,10809,140.0,7.0,20
Nancy Davolio,10813,228.0,19.0,12
Nancy Davolio,10813,420.0,12.0,35
Janet Leverling,10814,193.0,9.65,20
Janet Leverling,10814,920.0,46.0,20
Janet Leverling,10814,102.0,12.75,8
Janet Leverling,10814,855.0,28.5,30
Margaret Peacock,10816,7905.0,263.5,30
Margaret Peacock,10816,986.0,49.3,20
Janet Leverling,10817,1249.2,31.23,40
Janet Leverling,10817,7905.0,263.5,30
Janet Leverling,10817,1104.0,18.4,60
Janet Leverling,10817,1232.5,49.3,25
Robert King,10818,640.0,32.0,20
Robert King,10818,193.0,9.65,20
Janet Leverling,10820,1140.0,38.0,30
Nancy Davolio,10821,360.0,18.0,20
Nancy Davolio,10821,318.0,53.0,6
Michael Suyama,10822,147.9,49.3,3
Michael Suyama,10822,90.0,15.0,6
Nancy Davolio,10825,374.76,31.23,12
Nancy Davolio,10825,656.0,32.8,20
Michael Suyama,10826,437.5,12.5,35
Michael Suyama,10826,292.5,19.5,15
Nancy Davolio,10827,465.0,31.0,15
Nancy Davolio,10827,378.0,18.0,21
Anne Dodsworth,10828,405.0,81.0,5
Anne Dodsworth,10828,527.0,263.5,2
Anne Dodsworth,10829,190.0,19.0,10
Anne Dodsworth,10829,800.0,40.0,20
Anne Dodsworth,10829,60.0,6.0,10
Anne Dodsworth,10829,714.0,34.0,21
Margaret Peacock,10830,150.0,25.0,6
Margaret Peacock,10830,504.0,18.0,28
Margaret Peacock,10830,1020.0,34.0,30
Margaret Peacock,10830,300.0,12.5,24
Janet Leverling,10831,18.4,9.2,2
Janet Leverling,10831,144.0,18.0,8
Janet Leverling,10831,2108.0,263.5,8
Janet Leverling,10831,414.0,46.0,9
Michael Suyama,10833,600.0,30.0,20
Michael Suyama,10833,112.5,12.5,9
Michael Suyama,10833,295.2,32.8,9
Nancy Davolio,10834,990.32,123.79,8
Nancy Davolio,10834,517.8,25.89,20
Nancy Davolio,10835,825.0,55.0,15
Nancy Davolio,10835,26.0,13.0,2
Robert King,10836,1092.0,21.0,52
Robert King,10836,108.0,18.0,6
Robert King,10836,468.0,19.5,24
Robert King,10836,2040.0,34.0,60
Robert King,10836,997.5,33.25,30
Anne Dodsworth,10837,36.0,6.0,6
Anne Dodsworth,10837,460.0,18.4,25
Anne Dodsworth,10837,380.0,9.5,40
Anne Dodsworth,10837,378.0,18.0,21
Janet Leverling,10838,72.0,18.0,4
Janet Leverling,10838,1562.5,62.5,25
Janet Leverling,10838,950.0,19.0,50
Janet Leverling,10839,397.5,13.25,30
Janet Leverling,10839,522.0,34.8,15
Margaret Peacock,10840,84.0,14.0,6
Margaret Peacock,10840,180.0,18.0,10
Nancy Davolio,10842,315.0,21.0,15
Nancy Davolio,10842,230.0,46.0,5
Nancy Davolio,10842,250.0,12.5,20
Nancy Davolio,10842,180.0,15.0,12
Margaret Peacock,10843,212.0,53.0,4
Margaret Peacock,10847,1440.0,18.0,80
Margaret Peacock,10847,110.4,9.2,12
Margaret Peacock,10847,1560.0,26.0,60
Margaret Peacock,10847,342.0,9.5,36
Margaret Peacock,10847,1530.0,34.0,45
Margaret Peacock,10847,1182.5,21.5,55
Robert King,10848,640.5,21.35,30
Robert King,10848,291.0,97.0,3
Anne Dodsworth,10849,490.0,10.0,49
Anne Dodsworth,10849,562.14,31.23,18
Nancy Davolio,10850,280.0,14.0,20
Nancy Davolio,10850,10.0,2.5,4
Nancy Davolio,10850,450.0,15.0,30
Anne Dodsworth,10853,625.0,62.5,10
Janet Leverling,10854,3100.0,31.0,100
Janet Leverling,10854,390.0,6.0,65
Janet Leverling,10855,872.5,17.45,50
Janet Leverling,10855,175.0,12.5,14
Janet Leverling,10855,912.0,38.0,24
Janet Leverling,10855,315.75,21.05,15
Janet Leverling,10856,380.0,19.0,20
Janet Leverling,10856,280.0,14.0,20
Nancy Davolio,10859,180.0,4.5,40
Nancy Davolio,10859,260.75,7.45,35
Nancy Davolio,10859,997.5,33.25,30
Janet Leverling,10860,159.0,53.0,3
Janet Leverling,10860,360.0,18.0,20
Margaret Peacock,10861,1638.0,39.0,42
Margaret Peacock,10861,1250.0,62.5,20
Margaret Peacock,10861,400.0,10.0,40
Margaret Peacock,10861,87.5,2.5,35
Margaret Peacock,10861,147.9,49.3,3
Margaret Peacock,10863,360.0,18.0,20
Margaret Peacock,10863,159.0,13.25,12
Margaret Peacock,10864,72.0,18.0,4
Margaret Peacock,10864,210.0,14.0,15
Michael Suyama,10867,98.4,32.8,3
Robert King,10868,624.6,31.23,20
Robert King,10868,540.0,18.0,30
Robert King,10868,840.0,20.0,42
Anne Dodsworth,10871,1250.0,25.0,50
Anne Dodsworth,10871,209.4,17.45,12
Anne Dodsworth,10871,624.0,39.0,16
Margaret Peacock,10873,200.0,10.0,20
Margaret Peacock,10873,136.8,45.6,3
Margaret Peacock,10875,230.0,9.2,25
Margaret Peacock,10875,199.5,9.5,21
Margaret Peacock,10875,300.0,20.0,15
Robert King,10876,252.0,12.0,21
Robert King,10876,665.0,33.25,20
Nancy Davolio,10877,523.5,17.45,30
Nancy Davolio,10877,1562.5,62.5,25
Margaret Peacock,10878,1620.0,81.0,20
Janet Leverling,10879,220.8,18.4,12
Janet Leverling,10879,210.5,21.05,10
Janet Leverling,10879,180.0,18.0,10
Robert King,10880,270.0,9.0,30
Robert King,10880,855.0,28.5,30
Robert King,10880,750.0,15.0,50
Margaret Peacock,10881,150.0,15.0,10
Margaret Peacock,10882,350.0,14.0,25
Margaret Peacock,10882,400.0,20.0,20
Margaret Peacock,10882,238.4,7.45,32
Margaret Peacock,10884,400.0,10.0,40
Margaret Peacock,10884,798.0,38.0,21
Margaret Peacock,10884,252.6,21.05,12
Michael Suyama,10885,380.0,19.0,20
Michael Suyama,10885,54.0,4.5,12
Michael Suyama,10885,450.0,15.0,30
Michael Suyama,10885,325.0,13.0,25
Nancy Davolio,10886,2170.0,31.0,70
Nancy Davolio,10886,437.5,12.5,35
Nancy Davolio,10886,520.0,13.0,40
Nancy Davolio,10888,380.0,19.0,20
Nancy Davolio,10888,225.0,12.5,18
Anne Dodsworth,10889,840.0,21.0,40
Anne Dodsworth,10889,10540.0,263.5,40
Robert King,10890,585.0,39.0,15
Robert King,10890,140.0,14.0,10
Robert King,10890,135.1,9.65,14
Robert King,10891,388.35,25.89,15
Margaret Peacock,10892,2200.0,55.0,40
Anne Dodsworth,10893,1200.0,40.0,30
Anne Dodsworth,10893,45.0,4.5,10
Anne Dodsworth,10893,2970.96,123.79,24
Anne Dodsworth,10893,906.15,25.89,35
Anne Dodsworth,10893,380.0,19.0,20
Nancy Davolio,10894,168.0,6.0,28
Nancy Davolio,10894,1800.0,36.0,50
Nancy Davolio,10894,930.0,7.75,120
Janet Leverling,10895,495.0,4.5,110
Janet Leverling,10895,810.0,18.0,45
Janet Leverling,10895,1674.4,18.4,91
Janet Leverling,10895,3400.0,34.0,100
Robert King,10896,142.5,9.5,15
Robert King,10896,608.0,38.0,16
Janet Leverling,10897,9903.2,123.79,80
Janet Leverling,10897,932.04,25.89,36
Margaret Peacock,10898,30.0,6.0,5
Nancy Davolio,10900,45.0,15.0,3
Margaret Peacock,10901,289.5,9.65,30
Margaret Peacock,10901,645.0,21.5,30
Nancy Davolio,10902,720.0,24.0,30
Nancy Davolio,10902,295.8,49.3,6
Janet Leverling,10903,240.0,6.0,40
Janet Leverling,10903,442.05,21.05,21
Janet Leverling,10903,250.0,12.5,20
Janet Leverling,10904,198.75,13.25,15
Janet Leverling,10904,1725.5,49.3,35
Anne Dodsworth,10905,360.0,18.0,20
Margaret Peacock,10906,427.5,28.5,15
Michael Suyama,10907,108.5,7.75,14
Margaret Peacock,10908,600.0,30.0,20
Margaret Peacock,10908,98.0,7.0,14
Nancy Davolio,10909,360.0,30.0,12
Nancy Davolio,10909,261.75,17.45,15
Nancy Davolio,10909,48.25,9.65,5
Nancy Davolio,10910,110.4,9.2,12
Nancy Davolio,10910,200.0,20.0,10
Nancy Davolio,10910,142.5,28.5,5
Janet Leverling,10911,180.0,18.0,10
Janet Leverling,10911,468.0,39.0,12
Janet Leverling,10911,210.0,14.0,15
Margaret Peacock,10913,660.0,22.0,30
Margaret Peacock,10913,100.0,2.5,40
Margaret Peacock,10913,198.75,13.25,15
Michael Suyama,10914,537.5,21.5,25
Nancy Davolio,10916,104.7,17.45,6
Nancy Davolio,10916,192.0,32.0,6
Nancy Davolio,10916,390.0,19.5,20
Margaret Peacock,10917,25.89,25.89,1
Margaret Peacock,10917,340.0,34.0,10
Janet Leverling,10918,1080.0,18.0,60
Janet Leverling,10918,850.0,34.0,25
Margaret Peacock,10920,390.0,16.25,24
Nancy Davolio,10921,180.0,18.0,10
Nancy Davolio,10921,1756.0,43.9,40
Robert King,10923,140.0,14.0,10
Robert King,10923,460.0,46.0,10
Robert King,10923,336.0,14.0,24
Janet Leverling,10924,620.0,31.0,20
Janet Leverling,10924,1368.0,45.6,30
Janet Leverling,10924,46.5,7.75,6
Janet Leverling,10925,475.0,19.0,25
Janet Leverling,10925,84.0,7.0,12
Margaret Peacock,10926,42.0,21.0,2
Margaret Peacock,10926,60.0,6.0,10
Margaret Peacock,10926,64.4,9.2,7
Margaret Peacock,10926,348.0,34.8,10
Margaret Peacock,10927,405.0,81.0,5
Margaret Peacock,10927,35.0,7.0,5
Margaret Peacock,10927,360.0,18.0,20
Nancy Davolio,10928,47.5,9.5,5
Nancy Davolio,10928,90.0,18.0,5
Michael Suyama,10929,600.0,10.0,60
Michael Suyama,10929,379.75,7.75,49
Michael Suyama,10929,195.0,13.0,15
Margaret Peacock,10930,360.0,10.0,36
Margaret Peacock,10930,1097.5,43.9,25
Margaret Peacock,10930,600.0,24.0,25
Margaret Peacock,10930,397.5,13.25,30
Margaret Peacock,10931,252.0,6.0,42
Margaret Peacock,10931,585.0,19.5,30
Michael Suyama,10933,65.6,32.8,2
Michael Suyama,10933,855.0,28.5,30
Janet Leverling,10934,500.0,25.0,20
Margaret Peacock,10935,378.0,18.0,21
Margaret Peacock,10935,250.0,62.5,4
Margaret Peacock,10935,72.0,9.0,8
Janet Leverling,10936,570.0,19.0,30
Robert King,10937,364.8,45.6,8
Robert King,10937,280.0,14.0,20
Janet Leverling,10938,120.0,6.0,20
Janet Leverling,10938,1104.0,46.0,24
Janet Leverling,10938,1666.0,34.0,49
Janet Leverling,10938,752.5,21.5,35
Robert King,10941,550.0,12.5,44
Robert King,10941,1479.0,49.3,30
Robert King,10941,1000.0,12.5,80
Robert King,10941,1740.0,34.8,50
Anne Dodsworth,10942,560.0,20.0,28
Margaret Peacock,10943,90.0,6.0,15
Margaret Peacock,10943,441.0,21.0,21
Margaret Peacock,10943,180.0,12.0,15
Michael Suyama,10944,105.0,21.0,5
Michael Suyama,10944,350.1,19.45,18
Michael Suyama,10944,684.0,38.0,18
Margaret Peacock,10945,120.0,6.0,20
Margaret Peacock,10945,125.0,12.5,10
Nancy Davolio,10946,775.0,31.0,25
Nancy Davolio,10946,112.5,4.5,25
Nancy Davolio,10946,520.0,13.0,40
Janet Leverling,10947,220.0,55.0,4
Janet Leverling,10948,146.25,16.25,9
Janet Leverling,10948,2120.0,53.0,40
Janet Leverling,10948,96.0,24.0,4
Nancy Davolio,10950,110.0,22.0,5
Anne Dodsworth,10951,37.5,2.5,15
Anne Dodsworth,10951,57.9,9.65,6
Anne Dodsworth,10951,387.5,7.75,50
Nancy Davolio,10952,400.0,25.0,16
Nancy Davolio,10952,91.2,45.6,2
Anne Dodsworth,10953,4050.0,81.0,50
Anne Dodsworth,10953,625.0,12.5,50
Michael Suyama,10956,120.0,10.0,12
Michael Suyama,10956,133.0,9.5,14
Michael Suyama,10956,424.0,53.0,8
Robert King,10958,427.0,21.35,20
Robert King,10958,180.0,30.0,6
Robert King,10958,174.0,34.8,5
Michael Suyama,10959,155.0,7.75,20
Janet Leverling,10960,45.0,4.5,10
Janet Leverling,10960,231.6,9.65,24
Anne Dodsworth,10963,68.0,34.0,2
Janet Leverling,10964,375.0,62.5,6
Janet Leverling,10964,1317.5,263.5,5
Janet Leverling,10964,360.0,36.0,10
Michael Suyama,10965,848.0,53.0,16
Margaret Peacock,10966,208.0,26.0,8
Margaret Peacock,10966,456.0,38.0,12
Margaret Peacock,10966,591.6,49.3,12
Nancy Davolio,10968,1140.0,38.0,30
Nancy Davolio,10968,135.0,4.5,30
Nancy Davolio,10968,133.0,33.25,4
Nancy Davolio,10969,108.0,12.0,9
Anne Dodsworth,10970,280.0,7.0,40
Margaret Peacock,10972,234.0,39.0,6
Margaret Peacock,10972,17.5,2.5,7
Michael Suyama,10973,156.15,31.23,5
Michael Suyama,10973,57.9,9.65,6
Michael Suyama,10973,77.5,7.75,10
Janet Leverling,10974,439.0,43.9,10
Nancy Davolio,10975,640.0,40.0,16
Nancy Davolio,10975,77.5,7.75,10
Nancy Davolio,10976,912.0,45.6,20
Anne Dodsworth,10978,800.0,40.0,20
Anne Dodsworth,10978,400.0,10.0,40
Anne Dodsworth,10978,184.0,18.4,10
Anne Dodsworth,10978,116.7,19.45,6
Margaret Peacock,10980,310.0,7.75,40
Nancy Davolio,10981,15810.0,263.5,60
Nancy Davolio,10984,959.75,17.45,55
Nancy Davolio,10984,90.0,4.5,20
Nancy Davolio,10984,760.0,19.0,40
Janet Leverling,10988,1800.0,30.0,60
Janet Leverling,10988,1972.0,49.3,40
Nancy Davolio,10991,950.0,19.0,50
Nancy Davolio,10991,300.0,15.0,20
Nancy Davolio,10991,1620.0,18.0,90
Nancy Davolio,10992,69.6,34.8,2
Robert King,10993,6189.5,123.79,50
Robert King,10993,337.75,9.65,35
Nancy Davolio,10995,1060.0,53.0,20
Nancy Davolio,10995,136.0,34.0,4
Margaret Peacock,10996,560.0,14.0,40
Michael Suyama,10999,193.0,9.65,20
Michael Suyama,10999,795.0,53.0,15
Michael Suyama,10999,273.0,13.0,21
Margaret Peacock,11002,336.0,6.0,56
Margaret Peacock,11002,270.0,18.0,15
Margaret Peacock,11002,336.0,14.0,24
Margaret Peacock,11002,960.0,24.0,40
Janet Leverling,11003,72.0,18.0,4
Janet Leverling,11003,184.0,18.4,10
Janet Leverling,11003,70.0,7.0,10
Janet Leverling,11004,187.38,31.23,6
Janet Leverling,11004,108.0,18.0,6
Janet Leverling,11006,144.0,18.0,8
Janet Leverling,11006,247.58,123.79,2
Robert King,11008,3192.0,45.6,70
Robert King,11008,1260.0,14.0,90
Robert King,11008,451.5,21.5,21
Janet Leverling,11011,530.0,13.25,40
Janet Leverling,11011,430.0,21.5,20
Nancy Davolio,11012,460.0,9.2,50
Nancy Davolio,11012,1224.0,34.0,36
Nancy Davolio,11012,1290.0,21.5,60
Anne Dodsworth,11016,187.5,12.5,15
Anne Dodsworth,11016,304.0,19.0,16
Anne Dodsworth,11017,250.0,10.0,25
Anne Dodsworth,11017,6050.0,55.0,110
Anne Dodsworth,11017,450.0,15.0,30
Margaret Peacock,11018,760.0,38.0,20
Margaret Peacock,11018,625.0,62.5,10
Margaret Peacock,11018,190.0,38.0,5
Michael Suyama,11019,36.0,12.0,3
Michael Suyama,11019,40.0,20.0,2
Janet Leverling,11021,209.0,19.0,11
Janet Leverling,11021,1215.0,81.0,15
Janet Leverling,11021,1967.49,31.23,63
Janet Leverling,11021,2332.0,53.0,44
Janet Leverling,11021,1218.0,34.8,35
Anne Dodsworth,11022,322.0,9.2,35
Anne Dodsworth,11022,1080.0,36.0,30
Nancy Davolio,11023,120.0,30.0,4
Nancy Davolio,11023,1380.0,46.0,30
Margaret Peacock,11024,374.76,31.23,12
Margaret Peacock,11024,75.0,2.5,30
Margaret Peacock,11024,442.05,21.05,21
Margaret Peacock,11024,1075.0,21.5,50
Michael Suyama,11025,180.0,18.0,10
Michael Suyama,11025,120.0,6.0,20
Margaret Peacock,11026,500.0,62.5,8
Margaret Peacock,11026,530.0,53.0,10
Nancy Davolio,11027,135.0,4.5,30
Nancy Davolio,11027,1035.3,49.3,21
Margaret Peacock,11029,760.0,38.0,20
Margaret Peacock,11029,526.8,43.9,12
Robert King,11030,1900.0,19.0,100
Robert King,11030,1494.5,21.35,70
Robert King,11030,7427.4,123.79,60
Robert King,11030,5500.0,55.0,100
Michael Suyama,11031,810.0,18.0,45
Michael Suyama,11031,480.0,6.0,80
Michael Suyama,11031,94.5,4.5,21
Michael Suyama,11031,665.0,33.25,20
Michael Suyama,11031,344.0,21.5,16
Robert King,11033,2296.0,32.8,70
Robert King,11033,1296.0,36.0,36
Robert King,11037,60.0,15.0,4
Nancy Davolio,11038,92.0,18.4,5
Nancy Davolio,11038,14.0,7.0,2
Nancy Davolio,11038,645.0,21.5,30
Nancy Davolio,11039,912.0,45.6,20
Nancy Davolio,11039,432.0,18.0,24
Nancy Davolio,11039,1200.0,20.0,60
Nancy Davolio,11039,546.0,19.5,28
Margaret Peacock,11040,200.0,10.0,20
Janet Leverling,11041,570.0,19.0,30
Janet Leverling,11041,1317.0,43.9,30
Margaret Peacock,11044,591.6,49.3,12
Michael Suyama,11045,37.5,2.5,15
Michael Suyama,11045,1272.0,53.0,24
Robert King,11047,450.0,18.0,25
Robert King,11047,640.5,21.35,30
Robert King,11048,525.0,12.5,42
Janet Leverling,11049,190.0,19.0,10
Janet Leverling,11049,152.0,38.0,4
Robert King,11051,45.0,4.5,10
Janet Leverling,11052,1380.0,46.0,30
Janet Leverling,11052,285.0,28.5,10
Robert King,11055,67.5,4.5,15
Robert King,11055,210.0,14.0,15
Robert King,11055,1060.0,53.0,20
Robert King,11055,390.0,19.5,20
Janet Leverling,11057,45.0,15.0,3
Anne Dodsworth,11058,30.0,10.0,3
Anne Dodsworth,11058,714.0,34.0,21
Anne Dodsworth,11058,114.0,28.5,4
Margaret Peacock,11061,510.0,34.0,15
Margaret Peacock,11062,328.0,32.8,10
Margaret Peacock,11062,180.0,15.0,12
Janet Leverling,11063,420.0,14.0,30
Janet Leverling,11063,736.0,18.4,40
Janet Leverling,11063,289.5,9.65,30
Nancy Davolio,11064,3003.0,39.0,77
Nancy Davolio,11064,115.8,9.65,12
Nancy Davolio,11064,820.0,32.8,25
Nancy Davolio,11064,96.0,24.0,4
Nancy Davolio,11064,687.5,12.5,55
Robert King,11066,52.35,17.45,3
Robert King,11066,386.4,9.2,42
Robert King,11066,490.0,14.0,35
Nancy Davolio,11067,86.85,9.65,9
Nancy Davolio,11069,360.0,18.0,20
Nancy Davolio,11071,450.0,30.0,15
Nancy Davolio,11071,60.0,6.0,10
Margaret Peacock,11072,152.0,19.0,8
Margaret Peacock,11072,386.0,9.65,40
Margaret Peacock,11072,357.5,16.25,22
Margaret Peacock,11072,4322.5,33.25,130
Robert King,11074,244.3,17.45,14
Margaret Peacock,11076,500.0,25.0,20
Margaret Peacock,11076,465.0,23.25,20
Margaret Peacock,11076,92.0,9.2,10
Nancy Davolio,11077,456.0,19.0,24
Nancy Davolio,11077,40.0,10.0,4
Nancy Davolio,11077,22.0,22.0,1
Nancy Davolio,11077,25.0,25.0,1
Nancy Davolio,11077,30.0,30.0,1
Nancy Davolio,11077,80.0,40.0,2
Nancy Davolio,11077,31.0,31.0,1
Nancy Davolio,11077,76.0,38.0,2
Nancy Davolio,11077,24.0,6.0,4
Nancy Davolio,11077,23.25,23.25,1
Nancy Davolio,11077,34.9,17.45,2
Nancy Davolio,11077,81.0,81.0,1
Nancy Davolio,11077,18.0,9.0,2
Nancy Davolio,11077,32.0,32.0,1
Nancy Davolio,11077,36.0,18.0,2
Nancy Davolio,11077,28.95,9.65,3
Nancy Davolio,11077,36.0,12.0,3
Nancy Davolio,11077,14.0,7.0,2
Nancy Davolio,11077,48.0,24.0,2
Nancy Davolio,11077,68.0,34.0,2
Nancy Davolio,11077,66.5,33.25,2
Nancy Davolio,11077,17.0,17.0,1
Nancy Davolio,11077,30.0,15.0,2
Nancy Davolio,11077,31.0,7.75,4
Nancy Davolio,11077,26.0,13.0,2
